{
  "gamma": {
    "1.0": {
      "tier1": 1820.0037870387248,
      "tier2": 4027.7408855696326
    },
    "1.125": {
      "tier1": 1743.2460789737916,
      "tier2": 4048.5406076412432
    },
    "1.25": {
      "tier1": 1602.202211158029,
      "tier2": 4584.151106612891
    },
    "1.5": {
      "tier1": 1577.442411121012,
      "tier2": 3869.1253250960976
    },
    "2.0": {
      "tier1": 1626.6937871415385,
      "tier2": 4190.623319097977
    }
  },
  "tau": {
    "0.3": {
      "tier1": 1720.7203555933222,
      "tier2": 4169.192706176358
    },
    "0.5": {
      "tier1": 1655.5228656762786,
      "tier2": 3801.7581186561583
    },
    "0.7": {
      "tier1": 1418.4727953428353,
      "tier2": 3942.76464778725
    },
    "0.9": {
      "tier1": 1718.1531366389868,
      "tier2": 4389.86813240318
    },
    "1.1": {
      "tier1": 1681.5972791143688,
      "tier2": 4345.672953468599
    }
  },
  "omega": {
    "0.0": {
      "tier1": 1684.0597038756523,
      "tier2": 4101.238882812903
    },
    "0.3": {
      "tier1": 1662.7799669604096,
      "tier2": 4199.002892633032
    },
    "0.5": {
      "tier1": 1383.8004578327639,
      "tier2": 3828.7271478843754
    },
    "0.7": {
      "tier1": 1727.095946157263,
      "tier2": 4219.99446956792
    },
    "1.0": {
      "tier1": 1658.9700009650658,
      "tier2": 4015.8123096879654
    }
  }
}