{
  "gamma": {
    "1.0": {
      "tier1": 3226.925471983912,
      "tier2": 2941.5644136225615
    },
    "1.125": {
      "tier1": 566.0963755047017,
      "tier2": 5896.314651694392
    },
    "1.25": {
      "tier1": 2341.1626468390045,
      "tier2": 3011.899245187851
    },
    "1.5": {
      "tier1": 706.5415475621354,
      "tier2": 1705.7563532182505
    },
    "2.0": {
      "tier1": 181.42530661203898,
      "tier2": 4594.115638228949
    }
  },
  "tau": {
    "0.3": {
      "tier1": 2845.4231896682554,
      "tier2": 2882.91855571102
    },
    "0.5": {
      "tier1": 3244.1659708127104,
      "tier2": 4295.501670183244
    },
    "0.7": {
      "tier1": 2434.939266960541,
      "tier2": 3899.2596014131755
    },
    "0.9": {
      "tier1": 2474.616719688558,
      "tier2": 3231.8146755757166
    },
    "1.1": {
      "tier1": 473.9419249785421,
      "tier2": 5199.383300664696
    }
  },
  "omega": {
    "0.0": {
      "tier1": 2970.384899574372,
      "tier2": 3729.7873708983548
    },
    "0.3": {
      "tier1": 1503.0070174633195,
      "tier2": 3591.7319291528743
    },
    "0.5": {
      "tier1": 3533.317260976533,
      "tier2": 4860.438834885679
    },
    "0.7": {
      "tier1": 1571.1294819333668,
      "tier2": 5888.430004273061
    },
    "1.0": {
      "tier1": 1434.7057376176151,
      "tier2": 3384.8651419012917
    }
  }
}